Description,HSN_Code
Pharmaceutical products,30
"GLANDS AND OTHER ORGANS FOR ORGANO-THERAPEUTIC USES, DRIED,WHETHER OR NOT POWDERED, EXTRACTS OF GLANDS OR OTHER ORGANS OR OF THEIR SECRETIONS FOR ORGANO-THERAPEUTIC USES, HEPARIN AND ITS SALTS,",3001
"GLANDS AND OTHER ORGANS FOR ORGANO-THERAPEUTIC USES, DRIED, WHETHER OR NOT POWDERED; EXTRACTS OF GLANDS OR OTHER ORGANS OR OF THEIR SECRETIONS FOR ORGANO-THERAPEUTIC USES; HEPARIN AND ITS SALTS; OTHER HUMAN OR ANIMAL SUBSTANCES PREPARED FOR THERAPEUTIC OR PROPHYLACTIC USES, NOT ELSEWHERE SPECIFIED OR INCLUDED GLANDS AND OTHER ORGANS, DRIED, WHETHER OR NOT POWDERED : PANCREATIN AND DRIED POWDER OF PANCREAS",30011010
"GLANDS AND OTHER ORGANS FOR ORGANO-THERAPEUTIC USES, DRIED, WHETHER OR NOT POWDERED; EXTRACTS OF GLANDS OR OTHER ORGANS OR OF THEIR SECRETIONS FOR ORGANO-THERAPEUTIC USES; HEPARIN AND ITS SALTS; OTHER HUMAN OR ANIMAL SUBSTANCES PREPARED FOR THERAPEUTIC OR PROPHYLACTIC USES, NOT ELSEWHERE SPECIFIED OR INCLUDED GLANDS AND OTHER ORGANS, DRIED, WHETHER OR NOT POWDERED : OTHER : POWDERED",30011091
"GLANDS AND OTHER ORGANS FOR ORGANO-THERAPEUTIC USES, DRIED, WHETHER OR NOT POWDERED; EXTRACTS OF GLANDS OR OTHER ORGANS OR OF THEIR SECRETIONS FOR ORGANO-THERAPEUTIC USES; HEPARIN AND ITS SALTS; OTHER HUMAN OR ANIMAL SUBSTANCES PREPARED FOR THERAPEUTIC OR PROPHYLACTIC USES, NOT ELSEWHERE SPECIFIED OR INCLUDED GLANDS AND OTHER ORGANS, DRIED, WHETHER OR NOT POWDERED : OTHER : OTHER",30011099
EXTRACTS OF GLANDS OR OTHER ORGANS OR OF THEIR SECRETIONS :,300120
LIQUID EXTRACTS OF LIVER,30012010
"LIVER EXTRACTS, DRY",30012020
SNAKE VENOM,30012030
OTHER,30012090
OTHER :,300190
OF HUMAN ORIGIN,30019010
HEPARIN AND ITS SALTS,30019091
OTHER,30019099
"HUMAN BLOOD; ANIMAL BLOOD PREPARED FORTHERAPEUTIC, PROPHYLACTIC OR DIAGNOSTIC USES; ANTISERA, OTHER BLOOD FRACTIONS AND IMMUNOLOGICAL PRODUCTS, WHETHER OR NOT MODIFIED OR OBTAINED BY MEANS OF BIOTECHNOLOGICAL PROCESSES; VACCINES,TOXINS, CULTURES OF MICRO-ORGANISMS (EXCLUDING YEASTS) AND OTHER SIMILAR PRODUCTS; CELL CULTURES, WHETHER OR NOT MODIFIED",3002
"Antisera, other blood fractions and immunological products, whether or not modified or obtained by biotechnological processes",300210
"HUMAN BLOOD; ANIMAL BLOOD PREPARED FOR THERAPEUTIC, PROPHYLACTIC OR DIAGNOSTIC USES; ANTISERA AND OTHER BLOOD FRACTIONS AND MODIFIED IMMUNOLOGICAL PRODUCTS, WHETHER OR NOT OBTAINED BY MEANS OF BIOTECHNOLOGICAL PROCESSES; VACCINES, TOXINS, CULTURES OF MICRO-ORGANISMS (EXCLUDING YEASTS) AND SIMILAR PRODUCTS ANTISERA AND OTHER BLOOD FRACTIONS AND MODIFIED IMMUNOLOGICAL PRODUCTS, WHETHER OR NOT OBTAINED BY MEANS OF BIOTECHNOLOGICAL PROCESSES : ANTISERA : FOR DIPTHERIA",30021011
"HUMAN BLOOD; ANIMAL BLOOD PREPARED FOR THERAPEUTIC, PROPHYLACTIC OR DIAGNOSTIC USES; ANTISERA AND OTHER BLOOD FRACTIONS AND MODIFIED IMMUNOLOGICAL PRODUCTS, WHETHER OR NOT OBTAINED BY MEANS OF BIOTECHNOLOGICAL PROCESSES; VACCINES, TOXINS, CULTURES OF MICRO-ORGANISMS (EXCLUDING YEASTS) AND SIMILAR PRODUCTS ANTISERA AND OTHER BLOOD FRACTIONS AND MODIFIED IMMUNOLOGICAL PRODUCTS, WHETHER OR NOT OBTAINED BY MEANS OF BIOTECHNOLOGICAL PROCESSES : ANTISERA : FOR TETANUS",30021012
"HUMAN BLOOD; ANIMAL BLOOD PREPARED FOR THERAPEUTIC, PROPHYLACTIC OR DIAGNOSTIC USES; ANTISERA AND OTHER BLOOD FRACTIONS AND MODIFIED IMMUNOLOGICAL PRODUCTS, WHETHER OR NOT OBTAINED BY MEANS OF BIOTECHNOLOGICAL PROCESSES; VACCINES, TOXINS, CULTURES OF MICRO-ORGANISMS (EXCLUDING YEASTS) AND SIMILAR PRODUCTS ANTISERA AND OTHER BLOOD FRACTIONS AND MODIFIED IMMUNOLOGICAL PRODUCTS, WHETHER OR NOT OBTAINED BY MEANS OF BIOTECHNOLOGICAL PROCESSES : ANTISERA : FOR RABIES",30021013
"HUMAN BLOOD; ANIMAL BLOOD PREPARED FOR THERAPEUTIC, PROPHYLACTIC OR DIAGNOSTIC USES; ANTISERA AND OTHER BLOOD FRACTIONS AND MODIFIED IMMUNOLOGICAL PRODUCTS, WHETHER OR NOT OBTAINED BY MEANS OF BIOTECHNOLOGICAL PROCESSES; VACCINES, TOXINS, CULTURES OF MICRO-ORGANISMS (EXCLUDING YEASTS) AND SIMILAR PRODUCTS ANTISERA AND OTHER BLOOD FRACTIONS AND MODIFIED IMMUNOLOGICAL PRODUCTS, WHETHER OR NOT OBTAINED BY MEANS OF BIOTECHNOLOGICAL PROCESSES : ANTISERA : FOR SNAKE VENOM",30021014
"HUMAN BLOOD; ANIMAL BLOOD PREPARED FOR THERAPEUTIC, PROPHYLACTIC OR DIAGNOSTIC USES; ANTISERA AND OTHER BLOOD FRACTIONS AND MODIFIED IMMUNOLOGICAL PRODUCTS, WHETHER OR NOT OBTAINED BY MEANS OF BIOTECHNOLOGICAL PROCESSES; VACCINES, TOXINS, CULTURES OF MICRO-ORGANISMS (EXCLUDING YEASTS) AND SIMILAR PRODUCTS ANTISERA AND OTHER BLOOD FRACTIONS AND MODIFIED IMMUNOLOGICAL PRODUCTS, WHETHER OR NOT OBTAINED BY MEANS OF BIOTECHNOLOGICAL PROCESSES : ANTISERA : OTHER",30021019
"HUMAN BLOOD; ANIMAL BLOOD PREPARED FOR THERAPEUTIC, PROPHYLACTIC OR DIAGNOSTIC USES; ANTISERA AND OTHER BLOOD FRACTIONS AND MODIFIED IMMUNOLOGICAL PRODUCTS, WHETHER OR NOT OBTAINED BY MEANS OF BIOTECHNOLOGICAL PROCESSES; VACCINES, TOXINS, CULTURES OF MICRO-ORGANISMS (EXCLUDING YEASTS) AND SIMILAR PRODUCTS ANTISERA AND OTHER BLOOD FRACTIONS AND MODIFIED IMMUNOLOGICAL PRODUCTS, WHETHER OR NOT OBTAINED BY MEANS OF BIOTECHNOLOGICAL PROCESSES : HEMOGLOBIN BLOOD GLOBULINS AND SERUM GLOBULINS",30021020
"HUMAN BLOOD; ANIMAL BLOOD PREPARED FOR THERAPEUTIC, PROPHYLACTIC OR DIAGNOSTIC USES; ANTISERA AND OTHER BLOOD FRACTIONS AND MODIFIED IMMUNOLOGICAL PRODUCTS, WHETHER OR NOT OBTAINED BY MEANS OF BIOTECHNOLOGICAL PROCESSES; VACCINES, TOXINS, CULTURES OF MICRO-ORGANISMS (EXCLUDING YEASTS) AND SIMILAR PRODUCTS ANTISERA AND OTHER BLOOD FRACTIONS AND MODIFIED IMMUNOLOGICAL PRODUCTS, WHETHER OR NOT OBTAINED BY MEANS OF BIOTECHNOLOGICAL PROCESSES : OTHER : OF HUMAN ORIGIN",30021091
"HUMAN BLOOD; ANIMAL BLOOD PREPARED FOR THERAPEUTIC, PROPHYLACTIC OR DIAGNOSTIC USES; ANTISERA AND OTHER BLOOD FRACTIONS AND MODIFIED IMMUNOLOGICAL PRODUCTS, WHETHER OR NOT OBTAINED BY MEANS OF BIOTECHNOLOGICAL PROCESSES; VACCINES, TOXINS, CULTURES OF MICRO-ORGANISMS (EXCLUDING YEASTS) AND SIMILAR PRODUCTS ANTISERA AND OTHER BLOOD FRACTIONS AND MODIFIED IMMUNOLOGICAL PRODUCTS, WHETHER OR NOT OBTAINED BY MEANS OF BIOTECHNOLOGICAL PROCESSES : OTHER : OTHER",30021099
Malaria diagnostic test kits,30021100
ANTISERA AND OTHER BLOOD FRACTIONS:,300212
For diphtheria,30021210
For tetanus,30021220
For rabies,30021230
For snake venom,30021240
Other,30021290
"Immunological products, unmixed, not put up in measured doses or in forms or packings for retail sale",300213
"IMMUNOLOGICAL PRODUCTS, UNMIXED, NOT PUT UP IN MEASURED DOSES OR IN FORMS OR PACKINGS FOR RETAIL SALE",30021300
"Immunological products, unmixed, not put up in measured doses or in forms or packings for retail sale",30021310
"IMMUNOLOGICAL PRODUCTS, MIXED, NOT PUT UP IN MEASURED DOSES OR IN FORMS OR PACKINGS FOR RETAIL SALE",300214
"IMMUNOLOGICAL PRODUCTS, MIXED, NOT PUT UP IN MEASURED DOSES OR IN FORMS OR PACKINGS FOR RETAIL SALE",30021400
"Immunological products, mixed, not put up in measured doses or in forms or packings for retail sale",30021410
"IMMUNOLOGICAL PRODUCTS, PUT UP IN MEASURED DOSES OR IN FORMS OR PACKINGS FOR RETAIL SALE",300215
"Immunological products, put up in measured doses or in forms or packings for retail sale",30021500
Other,30021900
Vaccines for human medicine,300220
"HUMAN BLOOD; ANIMAL BLOOD PREPARED FOR THERAPEUTIC, PROPHYLACTIC OR DIAGNOSTIC USES; ANTISERA AND OTHER BLOOD FRACTIONS AND MODIFIED IMMUNOLOGICAL PRODUCTS, WHETHER OR NOT OBTAINED BY MEANS OF BIOTECHNOLOGICAL PROCESSES; VACCINES, TOXINS, CULTURES OF MICRO-ORGANISMS (EXCLUDING YEASTS) AND SIMILAR PRODUCTS VACCINES FOR HUMAN MEDICINE : SINGLE VACCINES : FOR CHOLERA AND TYPHOID",30022011
"HUMAN BLOOD; ANIMAL BLOOD PREPARED FOR THERAPEUTIC, PROPHYLACTIC OR DIAGNOSTIC USES; ANTISERA AND OTHER BLOOD FRACTIONS AND MODIFIED IMMUNOLOGICAL PRODUCTS, WHETHER OR NOT OBTAINED BY MEANS OF BIOTECHNOLOGICAL PROCESSES; VACCINES, TOXINS, CULTURES OF MICRO-ORGANISMS (EXCLUDING YEASTS) AND SIMILAR PRODUCTS VACCINES FOR HUMAN MEDICINE : SINGLE VACCINES : FOR HEPATITIS",30022012
"HUMAN BLOOD; ANIMAL BLOOD PREPARED FOR THERAPEUTIC, PROPHYLACTIC OR DIAGNOSTIC USES; ANTISERA AND OTHER BLOOD FRACTIONS AND MODIFIED IMMUNOLOGICAL PRODUCTS, WHETHER OR NOT OBTAINED BY MEANS OF BIOTECHNOLOGICAL PROCESSES; VACCINES, TOXINS, CULTURES OF MICRO-ORGANISMS (EXCLUDING YEASTS) AND SIMILAR PRODUCTS VACCINES FOR HUMAN MEDICINE : SINGLE VACCINES : FOR TETANUS",30022013
"HUMAN BLOOD; ANIMAL BLOOD PREPARED FOR THERAPEUTIC, PROPHYLACTIC OR DIAGNOSTIC USES; ANTISERA AND OTHER BLOOD FRACTIONS AND MODIFIED IMMUNOLOGICAL PRODUCTS, WHETHER OR NOT OBTAINED BY MEANS OF BIOTECHNOLOGICAL PROCESSES; VACCINES, TOXINS, CULTURES OF MICRO-ORGANISMS (EXCLUDING YEASTS) AND SIMILAR PRODUCTS VACCINES FOR HUMAN MEDICINE : SINGLE VACCINES : FOR POLIO",30022014
"HUMAN BLOOD; ANIMAL BLOOD PREPARED FOR THERAPEUTIC, PROPHYLACTIC OR DIAGNOSTIC USES; ANTISERA AND OTHER BLOOD FRACTIONS AND MODIFIED IMMUNOLOGICAL PRODUCTS, WHETHER OR NOT OBTAINED BY MEANS OF BIOTECHNOLOGICAL PROCESSES; VACCINES, TOXINS, CULTURES OF MICRO-ORGANISMS (EXCLUDING YEASTS) AND SIMILAR PRODUCTS VACCINES FOR HUMAN MEDICINE : SINGLE VACCINES : FOR TUBERCULOSIS",30022015
"HUMAN BLOOD; ANIMAL BLOOD PREPARED FOR THERAPEUTIC, PROPHYLACTIC OR DIAGNOSTIC USES; ANTISERA AND OTHER BLOOD FRACTIONS AND MODIFIED IMMUNOLOGICAL PRODUCTS, WHETHER OR NOT OBTAINED BY MEANS OF BIOTECHNOLOGICAL PROCESSES; VACCINES, TOXINS, CULTURES OF MICRO-ORGANISMS (EXCLUDING YEASTS) AND SIMILAR PRODUCTS VACCINES FOR HUMAN MEDICINE : SINGLE VACCINES : FOR RABIES",30022016
"HUMAN BLOOD; ANIMAL BLOOD PREPARED FOR THERAPEUTIC, PROPHYLACTIC OR DIAGNOSTIC USES; ANTISERA AND OTHER BLOOD FRACTIONS AND MODIFIED IMMUNOLOGICAL PRODUCTS, WHETHER OR NOT OBTAINED BY MEANS OF BIOTECHNOLOGICAL PROCESSES; VACCINES, TOXINS, CULTURES OF MICRO-ORGANISMS (EXCLUDING YEASTS) AND SIMILAR PRODUCTS VACCINES FOR HUMAN MEDICINE : SINGLE VACCINES : FOR JAPANESE ENCEPHALITIS",30022017
"HUMAN BLOOD; ANIMAL BLOOD PREPARED FOR THERAPEUTIC, PROPHYLACTIC OR DIAGNOSTIC USES; ANTISERA AND OTHER BLOOD FRACTIONS AND MODIFIED IMMUNOLOGICAL PRODUCTS, WHETHER OR NOT OBTAINED BY MEANS OF BIOTECHNOLOGICAL PROCESSES; VACCINES, TOXINS, CULTURES OF MICRO-ORGANISMS (EXCLUDING YEASTS) AND SIMILAR PRODUCTS VACCINES FOR HUMAN MEDICINE : SINGLE VACCINES : FOR WHOPPING COUGH (PERTUSIS)",30022018
"HUMAN BLOOD; ANIMAL BLOOD PREPARED FOR THERAPEUTIC, PROPHYLACTIC OR DIAGNOSTIC USES; ANTISERA AND OTHER BLOOD FRACTIONS AND MODIFIED IMMUNOLOGICAL PRODUCTS, WHETHER OR NOT OBTAINED BY MEANS OF BIOTECHNOLOGICAL PROCESSES; VACCINES, TOXINS, CULTURES OF MICRO-ORGANISMS (EXCLUDING YEASTS) AND SIMILAR PRODUCTS VACCINES FOR HUMAN MEDICINE : SINGLE VACCINES : OTHER",30022019
"HUMAN BLOOD; ANIMAL BLOOD PREPARED FOR THERAPEUTIC, PROPHYLACTIC OR DIAGNOSTIC USES; ANTISERA AND OTHER BLOOD FRACTIONS AND MODIFIED IMMUNOLOGICAL PRODUCTS, WHETHER OR NOT OBTAINED BY MEANS OF BIOTECHNOLOGICAL PROCESSES; VACCINES, TOXINS, CULTURES OF MICRO-ORGANISMS (EXCLUDING YEASTS) AND SIMILAR PRODUCTS VACCINES FOR HUMAN MEDICINE MIXED VACCINES : FOR DIPHTHERIA, PERTUSIS AND TETANUS (DPT)",30022021
"HUMAN BLOOD; ANIMAL BLOOD PREPARED FOR THERAPEUTIC, PROPHYLACTIC OR DIAGNOSTIC USES; ANTISERA AND OTHER BLOOD FRACTIONS AND MODIFIED IMMUNOLOGICAL PRODUCTS, WHETHER OR NOT OBTAINED BY MEANS OF BIOTECHNOLOGICAL PROCESSES; VACCINES, TOXINS, CULTURES OF MICRO-ORGANISMS (EXCLUDING YEASTS) AND SIMILAR PRODUCTS VACCINES FOR HUMAN MEDICINE MIXED VACCINES : FOR DIPHTHERIA AND TETANUS (DT)",30022022
"HUMAN BLOOD; ANIMAL BLOOD PREPARED FOR THERAPEUTIC, PROPHYLACTIC OR DIAGNOSTIC USES; ANTISERA AND OTHER BLOOD FRACTIONS AND MODIFIED IMMUNOLOGICAL PRODUCTS, WHETHER OR NOT OBTAINED BY MEANS OF BIOTECHNOLOGICAL PROCESSES; VACCINES, TOXINS, CULTURES OF MICRO-ORGANISMS (EXCLUDING YEASTS) AND SIMILAR PRODUCTS VACCINES FOR HUMAN MEDICINE MIXED VACCINES : FOR MEASLES, MUMPS AND RUBELLA (MMR)",30022023
"HUMAN BLOOD; ANIMAL BLOOD PREPARED FOR THERAPEUTIC, PROPHYLACTIC OR DIAGNOSTIC USES; ANTISERA AND OTHER BLOOD FRACTIONS AND MODIFIED IMMUNOLOGICAL PRODUCTS, WHETHER OR NOT OBTAINED BY MEANS OF BIOTECHNOLOGICAL PROCESSES; VACCINES, TOXINS, CULTURES OF MICRO-ORGANISMS (EXCLUDING YEASTS) AND SIMILAR PRODUCTS VACCINES FOR HUMAN MEDICINE MIXED VACCINES : FOR TYPHOID-PARATYPHOID (TAB) OR TYPHOID- PARATYPHOID-CHOLERA (TABC)",30022024
"HUMAN BLOOD; ANIMAL BLOOD PREPARED FOR THERAPEUTIC, PROPHYLACTIC OR DIAGNOSTIC USES; ANTISERA AND OTHER BLOOD FRACTIONS AND MODIFIED IMMUNOLOGICAL PRODUCTS, WHETHER OR NOT OBTAINED BY MEANS OF BIOTECHNOLOGICAL PROCESSES; VACCINES, TOXINS, CULTURES OF MICRO-ORGANISMS (EXCLUDING YEASTS) AND SIMILAR PRODUCTS VACCINES FOR HUMAN MEDICINE MIXED VACCINES : OTHER",30022029
"HUMAN BLOOD; ANIMAL BLOOD PREPARED FOR THERAPEUTIC, PROPHYLACTIC OR DIAGNOSTIC USES; ANTISERA AND OTHER BLOOD FRACTIONS AND MODIFIED IMMUNOLOGICAL PRODUCTS, WHETHER OR NOT OBTAINED BY MEANS OF BIOTECHNOLOGICAL PROCESSES; VACCINES, TOXINS, CULTURES OF MICRO-ORGANISMS (EXCLUDING YEASTS) AND SIMILAR PRODUCTS VACCINES FOR VETERINARY MEDICINE",30023000
VACCINES FOR HUMAN MEDICINE:,300241
CHOLERA AND TYPHOID,30024111
HEPATITIS,30024112
TETANUS,30024113
POLIO,30024114
TUBERCULOSIS,30024115
RABIES,30024116
JAPANESE ENCEPHALITIS,30024117
WHOPPING COUGH (PERTUSIS),30024118
OTHER,30024119
"DIPHTHERIA, PERTUSIS AND TETANUS (DPT)",30024121
DIPHTHERIA AND TETANUS (DT),30024122
"MEASLES, MUMPS AND RUBELLA (MMR)",30024123
TYPHOID-PARATYPHOID (TAB),30024124
TYPHOID- PARATYPHOID-CHOLERA (TABC),30024125
OTHER,30024129
VACCINES FOR VETERINARY MEDICINE,300242
VACCINES FOR VETERINARY MEDICINE,30024200
OTHER,300249
CULTURES OF MICRO-ORGANISMS (EXCLUDING YEAST),30024910
TOXINS,30024920
OTHER,30024990
CELL THERAPY PRODUCTS,300251
CELL THERAPY PRODUCTS,30025100
OTHER,300259
OTHER,30025900
OTHER:,300290
HUMAN BLOOD,30029010
"ANIMAL BLOOD PREPARED FOR THERAPEUTIC, PROPHYLACTIC OR DIAGNOSTIC USES",30029020
"HUMAN BLOOD; ANIMAL BLOOD PREPARED FOR THERAPEUTIC, PROPHYLACTIC OR DIAGNOSTIC USES; ANTISERA AND OTHER BLOOD FRACTIONS AND MODIFIED IMMUNOLOGICAL PRODUCTS, WHETHER OR NOT OBTAINED BY MEANS OF BIOTECHNOLOGICAL PROCESSES; VACCINES, TOXINS, CULTURES OF MICRO-ORGANISMS (EXCLUDING YEASTS) AND SIMILAR PRODUCTS OTHER : CULTURES OF MICRO-ORGANISMS (EXCLUDING YEAST)",30029030
"HUMAN BLOOD; ANIMAL BLOOD PREPARED FOR THERAPEUTIC, PROPHYLACTIC OR DIAGNOSTIC USES; ANTISERA AND OTHER BLOOD FRACTIONS AND MODIFIED IMMUNOLOGICAL PRODUCTS, WHETHER OR NOT OBTAINED BY MEANS OF BIOTECHNOLOGICAL PROCESSES; VACCINES, TOXINS, CULTURES OF MICRO-ORGANISMS (EXCLUDING YEASTS) AND SIMILAR PRODUCTS OTHER : TOXINS",30029040
OTHER,30029090
"MEDICAMENTS (EXCLUDING GOODS OF HEADING 3002, 3005 OR 3006) CONSISTING OF TWO OR MORE CONSTITUENTS WHICH HAVE BEEN MIXED TOGETHER FOR THERAPEUTIC OR PROPHYLACTIC USES, NOT PUT UP IN MEASURED DOSES OR IN FORMS OR PACKINGS FOR RETAIL SALE",3003
"CONTAINING PENICILLINS OR DERIVATIVES THEREOF, WITH A PENICILLANIC ACID STRUCTURE, OR STREPTOMYCINS OR THEIR DERIVATIVES",300310
"CONTAINING PENICILLINS OR DERIVATIVES THEREOF, WITH A PENICILLANIC ACID STRUCTURE, OR STREPTOMYCINS OR THEIR DERIVATIVES",30031000
"OTHER, CONTAINING ANTIBIOTICS",300320
"OTHER, CONTAINING ANTIBIOTICS",30032000
CONTAINING INSULIN,300331
CONTAINING INSULIN,30033100
OTHER,300339
OTHER,30033900
"MEDICAMENTS (EXCLUDING GOODS OF HEADING 3002, 3005 OR 3006) CONSISTING OF TWO OR MORE CONSTITUENTS WHICH HAVE BEEN MIXED TOGETHER FOR THERAPEUTIC OR PROPHYLACTIC USES, NOT PUT UP IN MEASURED DOSES OR IN FORMS OR PACKINGS FOR RETAIL SALE CONTAINING ALKALOIDS OR DERIVATIVES THEREOF BUT NOT CONTAINING HORMONES OR OTHER PRODUCTS OF HEADING 2937 OR ANTIBIOTICS",30034000
CONTAINING EPHEDRINE OR ITS SALTS,300341
Containing ephedrine or its salts,30034100
CONTAINING PSEUDOEPHEDRINE (INN) OR ITS SALTS,300342
Containing pseudoephedrine (INN) or its salts,30034200
CONTAINING NOREPHEDRINE OR ITS SALTS,300343
Containing norephedrine or its salts,30034300
OTHER,300349
Other,30034900
"OTHER, CONTAINING ANTIMALARIAL ACTIVE PRINCIPLES DESCRIBED IN SUB-HEADING NOTE 2 TO THIS CHAPTER",300360
"Other, containing antimalarial active principles described in Sub-heading Note 2 to this Chapter",30036000
OTHER :,300390
OF AYURVEDIC SYSTEM,30039011
OF UNANI SYSTEM,30039012
OF SIDDHA SYSTEM,30039013
OF HOMOEOPATHIC SYSTEM,30039014
OF BIO-CHEMIC SYSTEM,30039015
MENTHOL CRYSTALS,30039021
MILK OF MAGNESIA,30039022
BOVINE ALBUMIN AND DRUGS OF ANIMAL ORIGIN,30039031
MERBROMINE NATIONAL FORMULARY XII (MERCUROCHROME),30039032
CALCIUM SENNOSIDE,30039033
ANAESTHETIC AGENTS USED IN HUMAN OR VETERINARY MEDICINE OR SURGERY,30039034
ALUMINIUM HYDROXIDE GEL,30039035
KETAMINE,30039036
OTHER,30039090
"MEDICAMENTS (EXCLUDING GOODS OF HEADING 3002, 3005 OR 3006) CONSISTING OF MIXED OR UNMIXED PRODUCTS FOR THERAPEUTIC OR PROPHYLACTIC USES, PUT UP IN MEASURED DOSES (INCLUDING THOSE IN THE FORM OF TRANSDERMAL ADMINISTRATION SYSTEMS) OR IN FORMS OR PACKINGS FOR RETAIL SALE",3004
"CONTAINING PENICILLINS OR DERIVATIVES THEREOF, WITH A PENICILLANIC ACID STRUCTURE, OR STREPTOMYCINS OR THEIR DERIVATIVES :",300410
PENICILLINS,30041010
AMPICILLIN,30041020
AMOXYCILLIN,30041030
BECAMPICILLIN,30041040
CLOXACILLIN,30041050
AMPICILLIN AND CLOXACILLIN COMBINATIONS,30041060
STREPTOMYCIN,30041070
OTHER,30041090
OTHER CONTAINING ANTIBIOTICS :,300420
CEFAZOLIN,30042011
CEPHALEXIN,30042012
CIPROFLOXACIN,30042013
CEFOXITIN,30042014
OTHER,30042019
SULFONAMIDES AND COTRIMOXAZOLE,30042020
NORFLOXACIN,30042031
NALIDIXIC ACID,30042032
CIPROFLOXACIN,30042033
OFLOXACIN,30042034
OTHER,30042039
CHLORTETRACYCLINE,30042041
OXYTETRACYCLINE,30042042
OTHER,30042049
CHLORAMPHENICOL,30042050
ERYTHROMYCIN,30042061
ROXITHROMYCIN,30042062
CLARITHROMYCIN,30042063
AZITHROMYCIN,30042064
OTHER,30042069
CEFADROXIL,30042070
ISONIAZID,30042091
RIFAMPICIN,30042092
PYRAZINAMIDE,30042093
ETHAMBUTOL,30042094
CLINDAMYCIN,30042095
VANCOMYCIN,30042096
POLYMYXIN B AND COLISTIN,30042097
OTHER,30042099
CONTAINING INSULIN:,300431
INSULIN INJECTION,30043110
OTHER,30043190
"CONTAINING CORTICOSTEROID HORMONES, THEIR DERIVATIVES OR STRUCTURAL ANALOGUES",300432
"CONTAINING CORTICOSTEROID HORMONES, THEIR DERIVATIVES OR STRUCTURAL ANALOGUES",30043200
OTHER :,300439
PITUITARY HORMONES,30043911
PREDNISOLONE,30043912
DEXAMETHASONE,30043913
DANAZOL,30043914
OTHER PROGESTOGEN AND OESTOGEN GROUP HORMONES,30043919
GONADOTROPHINS,30043921
LUTEINISING HORMONE,30043922
OTHER,30043990
"Containing alkaloids or derivatives thereof but not containing hormones, other products of heading 2937 or antibiotics",300440
"MEDICAMENTS (EXCLUDING GOODS OF HEADING 3002, 3005 OR 3006) CONSISTING OF MIXED OR UNMIXED PRODUCTS FOR THERAPEUTIC OR PROPHYLACTIC USES, PUT UP IN MEASURED DOSES (INCLUDING THOSE IN THE FORM OF TRANSDERMAL ADMINISTRATION SYSTEMS) OR IN FORMS OR PACKINGS FOR RETAIL SALE CONTAINING ALKALOIDS OR DERIVATIVES THEREOF BUT NOT CONTAINING HORMONES, OTHER PRODUCTS OF HEADING 2937 OR ANTIBIOTICS : ATROPIN AND SALTS THEREOF",30044010
"MEDICAMENTS (EXCLUDING GOODS OF HEADING 3002, 3005 OR 3006) CONSISTING OF MIXED OR UNMIXED PRODUCTS FOR THERAPEUTIC OR PROPHYLACTIC USES, PUT UP IN MEASURED DOSES (INCLUDING THOSE IN THE FORM OF TRANSDERMAL ADMINISTRATION SYSTEMS) OR IN FORMS OR PACKINGS FOR RETAIL SALE CONTAINING ALKALOIDS OR DERIVATIVES THEREOF BUT NOT CONTAINING HORMONES, OTHERPRODUCTS OF HEADING 2937 OR ANTIBIOTICS CAFFEIN AND SALTS THEREOF",30044020
"CODEINE AND ITS DERIVATIVES, WITH OR WITHOUT EPHEDRINE HYDROCHLORIDE",30044030
"MEDICAMENTS (EXCLUDING GOODS OF HEADING 3002, 3005 OR 3006) CONSISTING OF MIXED OR UNMIXED PRODUCTS FOR THERAPEUTIC OR PROPHYLACTIC USES, PUT UP IN MEASURED DOSES (INCLUDING THOSE IN THE FORM OF TRANSDERMAL ADMINISTRATION SYSTEMS) OR IN FORMS OR PACKINGS FOR RETAIL SALE CONTAINING ALKALOIDS OR DERIVATIVES THEREOF BUT NOT CONTAINING HORMONES, OTHER PRODUCTS OF HEADING 2937 OR ANTIBIOTICS: ERGOT PREPERATIONS, ERGOTAMINE AND SALTS THEREOF",30044040
"MEDICAMENTS (EXCLUDING GOODS OF HEADING 3002, 3005 OR 3006) CONSISTING OF MIXED OR UNMIXED PRODUCTS FOR THERAPEUTIC OR PROPHYLACTIC USES, PUT UP IN MEASURED DOSES (INCLUDING THOSE IN THE FORM OF TRANSDERMAL ADMINISTRATION SYSTEMS) OR IN FORMS OR PACKINGS FOR RETAIL SALE CONTAINING ALKALOIDS OR DERIVATIVES THEREOF BUT NOT CONTAINING HORMONES, OTHER PRODUCTS OF HEADING 2937 OR ANTIBIOTICS PAPAVERINE HYDROCHLORIDE",30044050
"MEDICAMENTS (EXCLUDING GOODS OF HEADING 3002, 3005 OR 3006) CONSISTING OF MIXED OR UNMIXED PRODUCTS FOR THERAPEUTIC OR PROPHYLACTIC USES, PUT UP IN MEASURED DOSES (INCLUDING THOSE IN THE FORM OF TRANSDERMAL ADMINISTRATION SYSTEMS) OR IN FORMS OR PACKINGS FOR RETAIL SALE CONTAINING ALKALOIDS OR DERIVATIVES THEREOF BUT NOT CONTAINING HORMONES, OTHER PRODUCTS OF HEADING 2937 OR ANTIBIOTICS BROMOHEXIN AND SOLBUTAMOL",30044060
"MEDICAMENTS (EXCLUDING GOODS OF HEADING 3002, 3005 OR 3006) CONSISTING OF MIXED OR UNMIXED PRODUCTS FOR THERAPEUTIC OR PROPHYLACTIC USES, PUT UP IN MEASURED DOSES (INCLUDING THOSE IN THE FORM OF TRANSDERMAL ADMINISTRATION SYSTEMS) OR IN FORMS OR PACKINGS FOR RETAIL SALE CONTAINING ALKALOIDS OR DERIVATIVES THEREOF BUT NOT CONTAINING HORMONES, OTHER PRODUCTS OF HEADING 2937 OR ANTIBIOTICS THEOPHYLLINE AND EPHEDRINE",30044070
"MEDICAMENTS (EXCLUDING GOODS OF HEADING 3002, 3005 OR 3006) CONSISTING OF MIXED OR UNMIXED PRODUCTS FOR THERAPEUTIC OR PROPHYLACTIC USES, PUT UP IN MEASURED DOSES (INCLUDING THOSE IN THE FORM OF TRANSDERMAL ADMINISTRATION SYSTEMS) OR IN FORMS OR PACKINGS FOR RETAIL SALE CONTAINING ALKALOIDS OR DERIVATIVES THEREOF BUT NOT CONTAINING HORMONES, OTHER PRODUCTS OF HEADING 2937 OR ANTIBIOTICS OTHER",30044090
CONTAINING EPHEDRINE OR ITS SALTS,300441
Containing ephedrine or its salts,30044100
CONTAINING PSEUDOEPHEDRINE (INN) OR ITS SALTS,300442
Containing pseudoephedrine (INN) or its salts,30044200
CONTAINING NOREPHEDRINE OR ITS SALTS,300443
Containing norephedrine or its salts,30044300
OTHER:,300449
Atropin and salts thereof,30044910
Caffein and salts thereof,30044920
"Codeine and derivatives, with or without ephidrine hydrochloride",30044930
"Ergot preparations, ergotamine and salts thereof",30044940
Papavarine hydrochloride,30044950
Bromohexin and solbutamol,30044960
Theophylline and salts thereof,30044970
Other,30044990
OTHER CONTAINING VITAMINS OR OTHER PRODUCTS OF HEADING 2936 :,300450
HEAMATINICS AND ERYTHROPOIETIN PREPARATIONS,30045010
PREPARATIONS OF MINERALS AND THEIR SUPPLEMENTS,30045020
OF VITAMIN A,30045031
OF VITAMIN B1 AND B2 AND SALTS THEREOF,30045032
OF VITAMIN B9,30045033
OF VITAMIN B12,30045034
OF VITAMIN C,30045035
OF VITAMIN D,30045036
OF VITAMIN E,30045037
OTHER,30045039
OTHER,30045090
"OTHER, CONTAINING ANTIMALARIAL ACTIVE PRINCIPLES DESCRIBED IN SUB-HEADING NOTE 2 TO THIS CHAPTER",300460
"Other, containing antimalarial active principles described in Sub-heading Note 2 to this Chapter",30046000
OTHER :,300490
OF AYURVEDIC SYSTEM,30049011
OF UNANI SYSTEM,30049012
OF SIDDHA SYSTEM,30049013
OF HOMOEOPATHIC SYSTEM,30049014
OF BIO-CHEMIC SYSTEM,30049015
ANTHELMINTICS AND PREPARATIONS THEREOF,30049021
METRONIDAZOLE,30049022
TINIDAZOLE,30049023
SECNIDAZOLE,30049024
DILUXAMIDE FUROATE,30049025
SODIUM STIBOGLUCONATE,30049026
PENTAMIDINE,30049027
OTHER,30049029
"PROMETHAZINE, CHLORPHENIRAMINE, ASTEMIZOLE AND CETEIRIZINE",30049031
"SODIUM BICARBONATE, MAGNESIUM HYDROXIDE (MILK OF MAGNESIA), MAGNESIUM CARBONATE, MAGNESIUM TRISILICATE, ALUMINIUM HYDROXIDE GEL, MAGALDARATE AND COMBINATIONS THEREOF",30049032
"CIMETIDINE, RANTIDINE, NIZATIDINE AND ROXATIDINE",30049033
OMEPRAZOLE AND LANSOPRAZOLE,30049034
"DICYCLOMINE, METOCLOPRAMIDE AND DEXAME THASONE AND ONDANSETRON",30049035
CHENODIOL AND URSODIOL,30049036
OTHER,30049039
CYCLOPHOSPHAMIDE,30049041
"METHOTREXATE, 5-FLUOROURACIL(5-FU) AND FTORAFUR",30049042
BINCRISTINE AND VINBLASTINE,30049043
PACLITAXEL AND DOCETAXEL,30049044
ETOPOSIDE,30049045
ACTINOMYCIN D DACTINOMYCIN AND DOXORUBICIN,30049046
"L-ASPARAGINASE, CISPLATIN AND CARBOPLATIN",30049047
TAMOXIFEN,30049048
OTHER,30049049
ISONIAZID,30049051
RIFAMPICIN,30049052
PYRAZINAMIDE AND ETHAMBUTOL,30049053
STREPTOMYCIN,30049054
"DAPSONE (DDS), ACEDAPSONE (DADDS), SOLOPSONE AND CLOFAZIMINE",30049055
"CHLOROQUINE, AMODIAQUINE, MEFLOQUINE, QUININE, CHLOROGUAMIDE, PYRIMETHAMINE",30049056
OTHER ANTITUBERCULAR DRUGS,30049057
OTHER ANTILEPROTIC DRUGS,30049058
OTHER ANTIMALARIAL DRUGS,30049059
ANALGIN WITH OR WITHOUT OTHER COMPOUNDS SUCH AS PARACETAMOL,30049061
ACETYL SALICYLIC ACID (ASPIRIN) AND FORMULATIONS THEREOF,30049062
IBUPROFEN WITH OR WITHOUT PARACETAMOL OR OTHER COMPOUNDS,30049063
"OXYPHEN BUTAZONE, PHENYL BUTAZONE AND FORMULATIONS THEREOF",30049064
INDOMETHACIN,30049065
"MEPHENAMIC ACID, DACTOFENAC SODIUM, PIROXICAM, TENOXICAM AND MELOXICAM",30049066
"KETOROLAC, NIMESULIDE, NABUMETONE AND NEFOPAM",30049067
OTHER,30049069
"CAPTOPRIL, ENALAPRIL, LISINOPRIL, PERINDOPRIL AND RAMIPRIL",30049071
"VERAPAMIL, NIFEDIPINE, AMLODIPINE AND LACIDIPINE",30049072
LOSARTAN,30049073
"PROPRANOLOL, METOPROLOL, ATENOLOL AND LABETALOL",30049074
"PRAZOSIN, TERAZOSIN, PHENTOLAMINE AND PHENOXYBENZAMINE",30049075
"CLONIDINE, METHYLDOPA",30049076
"HYDRALAZINE, MINOXIDIL AND DIAZOXIDE",30049077
OTHER,30049079
"PHENOBARBITONE, MEPHOBARBITONE, PRIMIDONE, PHENYTOIN, CARBAMAZEPINE, ETHOSUCCIMIDE, VALPORIC ACID (SODIUM VALPORATE), DIAZEPAM, LAMOTRIGINE, GABAPENTIN, BIGABATRIN, PHENACEMIDE, TRIMETHADIONE AND ACETAZOLAMIDE",30049081
OTHER ANTIEPILEPTIC DRUGS,30049082
SULPHA DRUGS NOT ELSEWHERE SPECIFIED OR INCLUDED,30049083
PREPARATIONS OF ENZYMES,30049084
"VETERINARY MEDICINAL PREPARATIONS, NOT FOR HUMAN USE, NOT ELSEWHERE SPECIFIED OR INCLUDED",30049085
ORAL REHYDRATION SALTS,30049086
"ANTIBACTERIAL FORMULATIONS, NOT ELSEWHERE SPECIFIED OR INCLUDED",30049087
SEDATIVES,30049088
TRANQUILIZERS,30049089
"SALBUTAMOL, TERBUTALINE, EPHEDRINE, SALMETEROLAND METHYL XANTHIMES",30049091
PLASMA EXPANDERS,30049092
"CHLOROPHENIRAMINE MALEATE, WITH OR WITHOUT OTHER COMPOUNDS (EXCLUDING STERIODS AND ALKALOIDS)",30049093
"THEOPHYLLINE, AMINOPHYLLINE AND OTHER BRONCHO DILATORS",30049094
CARCINO-CHEMOTHERAPEUTIC DRUGS NOT ELSEWHERE SPECIFIED OR INCLUDED,30049095
KETAMINE,30049096
OTHER,30049099
"WADDING, GAUZE, BANDAGES AND SIMILAR ARTICLES (FOR EXAMPLE, DRESSINGS, ADHESIVE PLASTERS, POULTICES), IMPREGNATED OR COATED WITH PHARMACEUTICAL SUBSTANCES OR PUT UP IN FORMS OR PACKINGS FOR RETAIL SALE FOR MEDICAL, SURGICAL, DENTAL OR VETERINARY PURPOSES",3005
ADHESIVE DRESSINGS AND OTHER ARTICLES HAVING AN ADHESIVE LAYER :,300510
ADHESIVE GUAZE,30051010
ADHESIVE TAPE,30051020
OTHER,30051090
OTHER :,300590
"COTTON WOOL, MEDICATED",30059010
POULTICE OF KAOLIN,30059020
"LINT, MEDICATED",30059030
BANDAGES,30059040
BURN THERAPY DRESSING SOAKED IN PROTECTIVE GEL,30059050
MICRO PORES SURGICAL TAPES,30059060
CORN REMOVERS AND CALLOUS REMOVERS,30059070
OTHER,30059090
PHARMACEUTICAL GOODS SPECIFIED IN NOTE 4 TO THIS CHAPTER,3006
"STERILE SURGICAL CATGUT, SIMILAR STERILE SUTURE MATERIALS (INCLUDING STERILE ABSORBABLE SURGICAL OR DENTAL YARNS) AND STERILE TISSUE ADHESIVES FOR SURGICAL WOUND CLOSURE, STERILE LAMINARIA AND STERILE LAMINARIA TENTS, STERILE ABSORBABLE SURGICAL OR DENTAL HAEMOSTATICS, STERILE SURGICAL OR DENTAL ADHESION BARRIERS, WHETHER OR NOT ABSORBABLE :",300610
"STERILE, SURGICAL CATGUT AND SIMILAR STERILE SUTURE MATERIALS (INCLUDING STERILE ABSORBABLE SURGICAL OR DENTAL YARNS) AND STERILE TISSUE ADHESIVES FOR WOUND CLOSURE",30061010
"STERILE LAMINARIA AND STERILE LAMINARIA TENTS, STERILE ABSORBABLE SURGICAL OR DENTAL HAEMOSTATICS, STERILE SURGICAL OR DENTAL ADHESION BARRIERS, WHETHER OR NOT ABSORBABLE",30061020
PHARMACEUTICAL GOODS SPECIFIED IN NOTE 4 TO THIS CHAPTER BLOOD GROUPING REAGENTS,30062000
"OPACIFYING PREPRATIONS FOR X-RAY EXAMINATIONS,DIAGNOSTIC REAGENTS DESIGNED TO BE ADMINISTERED TO THE PATIENT",300630
"OPACIFYING PREPRATIONS FOR X-RAY EXAMINATIONS, DIAGNOSTIC REAGENTS DESIGNED TO BE ADMINISTERED TO THE PATIENT",30063000
"DENTAL CEMENTS AND OTHER DENTAL FILLINGS, BONE RECONSTRUCTION CEMENTS",300640
"DENTAL CEMENTS AND OTHER DENTAL FILLINGS, BONE RECONSTRUCTION CEMENTS",30064000
FIRST-AID BOXES AND KITS,300650
FIRST-AID BOXES AND KITS,30065000
"CHEMICAL CONTRACEPTIVE PREPARATIONS BASED ON HORMONES, ON OTHER PRODUCTS OF HEADING 2937 OR ON SPERMICIDES :",300660
BASED ON HORMONES,30066010
BASED ON OTHER PRODUCTS OF HEADING 2936,30066020
BASED ON SPERMICIDES,30066030
GEL PREPARATIONS DESIGNED TO BE USED IN HUMAN OR VETERINARY MEDICINE AS A LUBRICANT FOR PARTS OF THE BODY FOR SURGICAL OPERATIONS OR PHYSICAL EXAMINATIONS OR AS A COUPLING AGENT BETWEEN THE BODY AND MEDICAL INSTRUMENTS,300670
GEL PREPARATIONS DESIGNED TO BE USED IN HUMAN OR VETERINARY MEDICINE AS A LUBRICANT FOR PARTS OF THE BODY FOR SURGICAL OPERATIONS OR PHYSICAL EXAMINATIONS OR AS A COUPLING AGENT BETWEEN THE BODY AND MEDICAL INSTRUMENTS,30067000
PHARMACEUTICAL GOODS SPECIFIED IN NOTE 4 TO THIS CHAPTER WASTE PHARMACEUTICALS,30068000
APPLIANCES IDENTIFIABLE FOR OSTOMY USE,300691
APPLIANCES IDENTIFIABLE FOR OSTOMY USE,30069100
WASTE PHARMACEUTICALS,300692
WASTE PHARMACEUTICALS,30069200
"PLACEBOS AND BLINDED (OR DOUBLE-BLINDED) CLINICAL TRIAL KITS FOR A RECOGNISED CLINICAL TRIAL, PUT UP IN MEASURED DOSES",300693
"PLACEBOS AND BLINDED (OR DOUBLE-BLINDED) CLINICAL TRIAL KITS FOR A RECOGNISED CLINICAL TRIAL, PUT UP IN MEASURED DOSES",30069300
Ornamental fish,3011
Other Live Fish,3019
"Salmonidae, excluding livers and roes",3021
"Flat fish (Pleutronectidae, Bothidae, Cynoglossidae, Soleidae, Scophthalmidae and Citharidae), excluding livers and roes",3022
"Tunas (of the genus Thunnus), skipjack or stripe-bellied bonito [Euthynnus (Katsuwonus pelamis), excluding livers and roes",3023
"Herrings (Clupea harengus, Clupea pallasii), anchovies (Engraulis spp), sardines (Sardina pilchardus, Sardinops spp), sardinella (Sardinella spp.), brisling or sprats (Sprattus sprattus), mackerel (Scomber scombrus, Scomber australascicus, scomber japonicus), jack and horse mackerel (trachurus spp.) cobia (Rachycentron canadum) and swordfish (Xiphias gladius), excluding livers and roes",3024
"Fish of the families Bregmacerotidae, Euclichthyidae, Gadidae, Macrouridae, Melanonidae, Merluccidae, Moridae and Muraenolepididae, excluding livers and roes",3025
"Other fish, excluding livers and roes",3026
"Tilapias (Oreochromis spp.), catfish (Pangasius spp. Silurus spp., Clarias spp., Ictalurus spp.) carp (Cyprinus carpio, Carassius carassius, Ctenopharyngodon idellus, Hypophthalmichthys spp. Cirrhinus spp. Mylopharyngodon piceus), eels (Anguila spp.), Nile perch (Lates niloticus) and snakeheads (Channa spp.) excluding livers and roes",3027
Other fish exculding edible fish offal of sub-headings 0302 91 to 0302 99,3028
"Livers, roes, milt, fish fins, heads, tails, maws and other edible fish offal",3029
"Pacific salmon (Oncorhynchus nerka, Oncorhynchus gorbuscha, Oncorhynchus keta, Oncorhynchus tschawytscha. Oncorhynchus kisutch, Oncorhynchus masou and Oncorhynchus rhodurus, excluding livers and roes",3031
"Other salmonidae, excluding livers and roes",3032
"Flat fish (Pleutronectidae, Bothidae, Cynoglossidae, Soleidae, Scophthalmidae and Citharidae), excluding livers and roes",3033
"Tunas (of the genus Thunnus), skipjack or stripe-bellied bonito [Euthynnus (Katsuwonus) pelamis], excluding livers and roes",3034
"Herrings (Clupea harengus, Culpea pallasii) and Cod (Gadus morhua, Gadus ogac, Gadus macrocephalus), excluding livers and roes",3035
"Fish of the families Bregmacerotidae, Euclichthyidae, Gadidae, Macrouridae, Melanonidae, Merlucciidae, Moridae and Muraenolepididae, excluding edible fish offal of sub-headings 0303 91 to 0303 99",3036
"Other fish, excluding livers and roes",3037
Other,303799
"Other fish, excluding edible fish offal of sub-headings 0303 91 to 0303 99",3038
"Livers, roes, milt, fish fins, heads, tails, maws and other edible fish offal",3039
Fresh or chilled,3041
Frozen fillets,3042
"Other, fresh or chilled",3045
"Frozen fillets of tilapias (Oreochromis spp.), catfish (Pangasius spp., Silurus spp., Clarias spp., Ictalurus spp.), carp (Cyprinus spp., Carassius spp., Ctenopharyngodon idellus, Hypophthalmichthys spp., Cirrhinus spp., Mylopharyngodon piceus, Catla catla, Labeo spp., Osteochilus hasselti, Leptobarbus hoeveni, Megalobrama spp.), eels (Anguilla spp.), Nile perch (Lates niloticus) and snakeheads (Channa spp.)",3046
"Frozen fillets of fish of Bregmacerotidae, Euclichthyidae, Gadidae, Macrouridae, Melanonidae, Merlucciidae, Moridae and Muraenolepididae",3047
Frozen fillets of other fish,3048
Other,3049
"Smoked fish, including fillets",3054
"Dried fish, whether or not suited but not smoked",3055
"FISH AND CRUSTACEANS, MOLLUSCS AND OTHER AQUATIC INVERTEBRATES~Fish, dried, salted or in brine; smoked fish, whether or not cooked before or during the smoking process~Other:",30559
"Fish, salted but not dried or smoked and fish in brine",3056
Frozen,3061
macrobactium,306131
Not frozen,3062
Other,3069
"Scallops, including queen scallops, of the genera Pecten, Chlamys or Placopecten",3072
"Mussels (Mytilus spp., Perna spp.)",3073
Cuttle fish and squid,3074
"FISH AND CRUSTACEANS, MOLLUSCS AND OTHER AQUATIC INVERTEBRATES~Molluscs, whether in shell or not, live, fresh, chilled, frozen, dried, salted or in brine; smoked molluscs, whether in shell or not, whether or not cooked before or during the smoking process~Frozen:~Squid tubes",3074330
Octopus (Octopus spp.),3075
Abalone (Haliotis Spp.) and stromboid conchs (Strombus spp.),3078
"Other, including flours, meals and pellets, of aquatic invertebrates other than crustaceans, fit for human consumption",3079
"Sea urchins (Strongylocentrotus spp., Paracentrotus lividus, Loxechinus albus, Echinus esculentus)",3082
"Essential oils and resinoids, perfumery, cosmetic or toilet preparations",33
"ESSENTIAL OILS (TERPENELESS OR NOT), INCLUDING CONCRETES AND ABSOLUTES, RESINOIDS, EXTRACTED OLEORESINS, CONCENTRATES OF ESSENTIAL OILS IN FATS, IN FIXED OILS, IN WAXES OR THE LIKE, OBTAINED BY ENFLEURAGE OR MACERATION, TERPENIC BY-PRODUCTS OF THE DETERPENATION OF ESSENTIAL OILS, AQUEOUS DISTILLATES AND AQUEOUS SOLUTIONS OF ESSENTIAL OILS",3301
"ESSENTIAL OILS (TERPENELESS OR NOT), INCLUDING CONCRETES AND ABSOLUTES; RESINOIDS; EXTRACTED OLEORESINS; CONCENTRATES OF ESSENTIAL OILS IN FATS, IN FIXED OILS, IN WAXES OR THE LIKE, OBTAINED BY ENFLEURAGE OR MACERATION; TERPENIC BY-PRODUCTS OF THE DETERPENATION OF ESSENTIAL OILS; AQUEOUS DISTILLATES AND AQUEOUS SOLUTIONS OF ESSENTIAL OILS - ESSENTIAL OILS OF CITRUS FRUIT : OF BERGAMOT",33011100
OF ORANGE,330112
OF ORANGE,33011200
OF LEMON,330113
OF LEMON,33011300
"ESSENTIAL OILS (TERPENELESS OR NOT), INCLUDING CONCRETES AND ABSOLUTES; RESINOIDS; EXTRACTED OLEORESINS; CONCENTRATES OF ESSENTIAL OILS IN FATS, IN FIXED OILS, IN WAXES OR THE LIKE, OBTAINED BY ENFLEURAGE OR MACERATION; TERPENIC BY-PRODUCTS OF THE DETERPENATION OF ESSENTIAL OILS; AQUEOUS DISTILLATES AND AQUEOUS SOLUTIONS OF ESSENTIAL OILS - ESSENTIAL OILS OF CITRUS FRUIT : OF LIME",33011400
OTHER :,330119
CITRONELLA OIL,33011910
OTHER,33011990
"ESSENTIAL OILS (TERPENELESS OR NOT), INCLUDING CONCRETES AND ABSOLUTES; RESINOIDS; EXTRACTED OLEORESINS; CONCENTRATES OF ESSENTIAL OILS IN FATS, IN FIXED OILS, IN WAXES OR THE LIKE, OBTAINED BY ENFLEURAGE OR MACERATION; TERPENIC BY-PRODUCTS OF THE DETERPENATION OF ESSENTIAL OILS; AQUEOUS DISTILLATES AND AQUEOUS SOLUTIONS OF ESSENTIAL OILS ESSENTIAL OILS OTHER THAN THOSE OF CITRUS FRUIT:OF GERANIUM",33012100
"ESSENTIAL OILS (TERPENELESS OR NOT), INCLUDING CONCRETES AND ABSOLUTES; RESINOIDS; EXTRACTED OLEORESINS; CONCENTRATES OF ESSENTIAL OILS IN FATS, IN FIXED OILS, IN WAXES OR THE LIKE, OBTAINED BY ENFLEURAGE OR MACERATION; TERPENIC BY-PRODUCTS OF THE DETERPENATION OF ESSENTIAL OILS; AQUEOUS DISTILLATES AND AQUEOUS SOLUTIONS OF ESSENTIAL OILS ESSENTIAL OILS OTHER THAN THOSE OF CITRUS FRUIT: OF JASMIN : JASMIN CONCENTRATE",33012210
"ESSENTIAL OILS (TERPENELESS OR NOT), INCLUDING CONCRETES AND ABSOLUTES; RESINOIDS; EXTRACTED OLEORESINS; CONCENTRATES OF ESSENTIAL OILS IN FATS, IN FIXED OILS, IN WAXES OR THE LIKE, OBTAINED BY ENFLEURAGE OR MACERATION; TERPENIC BY-PRODUCTS OF THE DETERPENATION OF ESSENTIAL OILS; AQUEOUS DISTILLATES AND AQUEOUS SOLUTIONS OF ESSENTIAL OILS ESSENTIAL OILS OTHER THAN THOSE OF CITRUS FRUIT: OF JASMIN : OTHER",33012290
"ESSENTIAL OILS (TERPENELESS OR NOT), INCLUDING CONCRETES AND ABSOLUTES; RESINOIDS; EXTRACTED OLEORESINS; CONCENTRATES OF ESSENTIAL OILS IN FATS, IN FIXED OILS, IN WAXES OR THE LIKE, OBTAINED BY ENFLEURAGE OR MACERATION; TERPENIC BY-PRODUCTS OF THE DETERPENATION OF ESSENTIAL OILS; AQUEOUS DISTILLATES AND AQUEOUS SOLUTIONS OF ESSENTIAL OILS ESSENTIAL OILS OTHER THAN THOSE OF CITRUS FRUIT: OF LAVENDER OR OF LAVANDIN",33012300
OF PEPPERMINT (MENTHA PIPERITA),330124
OF PEPPERMINT (MENTHA PIPERITA),33012400
OF OTHER MINTS :,330125
SPEARMINT OIL (EX-MENTHA SPICATA),33012510
WATER MINT-OIL (EX-MENTHA AQUATIC),33012520
HORSEMINT OIL (EX-MENTHA SYLVESTRIES),33012530
BERGAMENT OIL (EX-MENTHA CITRATE),33012540
OTHER,33012590
"ESSENTIAL OILS (TERPENELESS OR NOT), INCLUDING CONCRETES AND ABSOLUTES; RESINOIDS; EXTRACTED OLEORESINS; CONCENTRATES OF ESSENTIAL OILS IN FATS, IN FIXED OILS, IN WAXES OR THE LIKE, OBTAINED BY ENFLEURAGE OR MACERATION; TERPENIC BY-PRODUCTS OF THE DETERPENATION OF ESSENTIAL OILS; AQUEOUS DISTILLATES AND AQUEOUS SOLUTIONS OF ESSENTIAL OILS ESSENTIAL OILS OTHER THAN THOSE OF CITRUS FRUIT: OF VETIVER",33012600
OTHER:,330129
ANISE OIL (ANISEED OIL),33012911
CAJEPUT OIL,33012912
CANANGA OIL,33012913
CARAWAY OIL,33012914
CASSIA OIL,33012915
CEDARWOOD OIL,33012916
CINNAMON BARK OIL,33012917
CINNAMON LEAF OIL,33012918
"CLOVE LEAF OR STEM, OIL",33012921
CORIANDER SEED OIL,33012922
DILL OIL (ANETHUM OIL),33012923
EUCALYPTUS OIL,33012924
FENNEL SEED OIL,33012925
GINGER OIL,33012926
GINGER GRASS OIL,33012927
CLOVE BUD OIL,33012928
TUBEROSE CONCENTRATE,33012931
NUTMEG OIL,33012932
PALMAROSA OIL,33012933
PATCHOULI OIL,33012934
PEPPER OIL,33012935
PETITGRAIN OIL,33012936
SANDALWOOD OIL,33012937
ROSE OIL,33012938
CAMPHOR OIL,33012941
LEMON GRASS OIL,33012942
YLANG YLANG OIL,33012943
DAVANA OIL,33012944
CUMIN OIL,33012945
CELERY SEED OIL,33012946
GARLIC OIL,33012947
PAPRIKA OIL,33012948
TURMERIC OIL,33012949
SPICES' OILS NOT ELSEWHERE SPECIFIED OR INCLUDED,33012950
OTHER,33012990
RESINOIDS :,330130
AGAR OIL,33013010
"FLAVOURING ESSENCES, ALL TYPES, INCLUDING THOSE FOR LIQUORS",33013091
OTHER,33013099
OTHER :,330190
FENUGREEK OLEORESINS,33019011
GINGER OLEORESINS,33019012
PEPPER OLEORESINS,33019013
TURMERIC OLEORESINS,33019014
CARDAMOM OLEORESINS,33019015
CELERY SEED OLEORESINS,33019016
NUTMEG OLEORESINS,33019017
CLOVE OLEORESINS,33019021
CAPSICUM OLEORESINS,33019022
CORIANDER OLEORESINS,33019023
CUMIN OLEORESINS,33019024
FENNEL OLEORESINS,33019025
OLEORESINS OF SPICES NOT ELSEWHERE SPECIFIED OR INCLUDED,33019029
ATTARS OF ALL KINDS IN FIXED OIL BASE,33019031
MUSTARD OIL AROMA,33019032
ESSENCE OF AMBRETTOLIDE (AMBRETTE SEED OIL ESSENCE),33019033
"FLAVOURING ESSENCES, ALL TYPES, INCLUDING THOSE FOR LIQUORS",33019041
OTHER,33019049
"FLAVOURING ESSENCES, ALL TYPES, INCLUDING THOSE FOR LIQUORS",33019051
OTHER,33019059
"AQUEOUS DISTILLATES OF ESSENTIAL OILS, NOT ELSEWHERE SPECIFIED OR INCLUDED",33019060
"FLAVOURING ESSENCES, ALL TYPES, INCLUDING THOSE FOR LIQUORS",33019071
OTHER,33019079
OTHER,33019090
"MIXTURES OF ODORIFEROUS SUBSTANCES AND MIXTURES (INCLUDING ALCOHOLIC SOLUTIONS)WITH A BASIS OF ONE OR MORE OF THESE SUBSTANCES, OF A KIND USED AS RAW MATERIALS IN INDUSTRY, OTHER PREPARATIONS BASED ON ODORIFEROUS SUBSTANCES, OF A KIND USED FOR THE MANUFACTURE OF BEVERAGES",3302
OF A KIND USED IN THE FOOD OR DRINK INDUSTRIES:,330210
SYNTHETIC FLAVOURING ESSENCES,33021010
OTHER,33021090
OTHER:,330290
SYNTHETIC PERFUMERY COMPOUNDS,33029011
SYNTHETIC ESSENTIAL OIL,33029012
OTHER,33029019
ALEURITIC ACID,33029020
OTHER,33029090
PERFUMES AND TOILET WATERS,3303
PERFUMES AND TOILET WATERS:,330300
EAU-DE-COLOGNE,33030010
ROSE WATER,33030020
KEORA WATER,33030030
PERFUMES AND PERFUMERY COMPOUNDS NOT CONTAINING SPIRIT (EXCLUDING AQUEOUS DISTILLATES),33030040
PERFUMES CONTAINING SPIRIT,33030050
SPIRITUOUS TOILET PREPARATIONS NOT ELSEWHERE SPECIFIED OR INCLUDED,33030060
OTHER,33030090
"BEAUTY OR MAKE-UP PREPARATIONS AND PREPARATIONS FOR THE CARE OF THE SKIN (OTHER THAN MEDICAMENTS),INCLUDING SUNSCREEN OR SUNTAN PREPARATIONS, MANICURE OR PEDICURE PREPARATIONS",3304
LIP MAKE-UP PREPARATIONS,330410
LIP MAKE-UP PREPARATIONS,33041000
EYE MAKE-UP PREPARATIONS,330420
EYE MAKE-UP PREPARATIONS,33042000
MANICURE OR PEDICURE PREPARATIONS,330430
MANICURE OR PEDICURE PREPARATIONS,33043000
"POWDERS, WHETHER OR NOT COMPRESSED:",330491
FACE POWDERS,33049110
TALCUM POWDERS,33049120
OTHER,33049190
OTHER:,330499
FACE CREAMS,33049910
NAIL POLISH OR LACQUERS,33049920
MOISTURISING LOTION,33049930
"SINDUR, BINDI, KUMKUM",33049940
TURMERIC PREPARATIONS,33049950
OTHER,33049990
PREPARATIONS FOR USE ON THE HAIR,3305
SHAMPOOS:,330510
CONTAINING SPIRIT,33051010
OTHER,33051090
PREPARATIONS FOR PERMANENT WAVING OR STRAIGHTENING,330520
PREPARATIONS FOR PERMANENT WAVING OR STRAIGHTENING,33052000
HAIR LACQUERS,330530
HAIR LACQUERS,33053000
OTHER :,330590
PERFUMED,33059011
OTHER,33059019
BRILLIANTINES (SPIRITUOUS),33059020
HAIR CREAM,33059030
"HAIR DYES (NATURAL, HERBAL OR SYNTHETIC)",33059040
HAIR FIXERS,33059050
OTHER,33059090
"PREPARATIONS FOR ORAL OR DENTAL HYGIENE, INCLUDING DENTURE FIXATIVE PASTES AND POWDERS; YARN USED TO CLEAN BETWEEN THE TEETH (DENTAL FLOSS), IN INDIVIDUAL RETAIL PACKAGES",3306
DENTIFRICES :,330610
IN POWDER,33061010
IN PASTE,33061020
OTHER,33061090
YARN USED TO CLEAN BETWEEN THE TEETH KG. (DENTAL FLOSS),330620
YARN USED TO CLEAN BETWEEN THE TEETH KG. (DENTAL FLOSS),33062000
OTHER,330690
OTHER,33069000
"PREPARATIONS FOR ORAL OR DENTAL HYGIENE, INCLUDING DENTURE FIXATIVE PASTES AND POWDERS, YARN USED TO CLEAN BETWEEN THE TEETH (DENTAL FLOSS), IN INDIVIDUAL RETAIL PACKAGES",3307
"PRE-SHAVE, SHAVING OR AFTER-SHAVE PREPARATIONS:",330710
SHAVING CREAM,33071010
OTHER,33071090
PERSONAL DEODORANTS AND ANTI-PERSPIRANTS,330720
PERSONAL DEODORANTS AND ANTI-PERSPIRANTS,33072000
PERFUMED BATH SALTS AND OTHER BATH PREPARATIONS:,330730
BATH OIL (THAILAM),33073010
OTHER,33073090
"""AGARBATTI"" AND OTHER ODORIFEROUS PREPARATIONS WHICH OPERATE BY BURNING",330741
"""AGARBATTI"" AND OTHER ODORIFEROUS PREPARATIONS WHICH OPERATE BY BURNING",33074100
OTHER,330749
OTHER,33074900
OTHER:,330790
DEPILATORIES,33079010
STERILE CONTACT LENS CARE SOLUTION,33079020
OTHER,33079090
"SOAP, ORGANIC SURFACE-ACTIVE AGENTS, WASHING PREPARATIONS, LUBRICATING PREPARATIONS, ARTIFICIAL WAXES, PREPARED WAXES, POLISHING OR SCOURING PREPARATIONS, CANDLES AND SIMILAR ARTICLES, MODELLING PASTES, ""DENTAL WAXES"" AND DENTAL PREPARATIONS WITH A BASIS OF PLASTER",34
"SOAP, ORGANIC SURFACE-ACTIVE PRODUCTS AND PREPARATIONS FOR USE AS SOAP, IN THE FORM OF BARS, CAKES, MOULDED PIECES OR SHAPES, WHETHER OR NOT CONTAINING SOAP, ORGANIC SURFACE-ACTIVE PRODUCTS AND PREPARATIONS FOR WASHING THE SKIN, IN THE FORM OF LIQUID OR CREAM AND PUT UP FOR RETAIL SALE, WHETHER OR NOT CONTAINING SOAP, PAPER, WADDING, FELT AND NONWOVENS, IMPREGNATED, COATED OR COVERED WITH SOAP OR DETERGENT",3401
FOR TOILET USE (INCLUDING MEDICATED PRODUCTS):,340111
MEDICATED TOILET SOAPS,34011110
SHAVING SOAPS OTHER THAN SHAVING CREAM,34011120
OTHER,34011190
OTHER:,340119
INDUSTRIAL SOAP,34011911
OTHER,34011919
"FLAKES, CHIPS AND POWDER",34011920
TABLETS AND CAKES,34011930
HOUSEHOLD SOAPS,34011941
LAUNDRY SOAPS,34011942
OTHER,34011990
SOAP IN OTHER FORMS,340120
SOAP IN OTHER FORMS,34012000
"ORGANIC SURFACE-ACTIVE PRODUCTS AND PREPARATIONS FOR WASHING THE SKIN, IN THE FORM OF LIQUID OR CREAM AND PUT UP FOR RETAIL SALE,WHETHER OR NOT CONTAINING SOAP :",340130
MEDICATED TOILET SOAPS,34013011
SHAVING CREAM AND SHAVING GEL,34013012
OTHER,34013019
OTHER,34013090
"ORGANIC SURFACE-ACTIVE AGENTS (OTHER THAN SOAP), SURFACE-ACTIVE PREPARATIONS, WASHING PREPARATIONS (INCLUDING AUXILIARY WASHING PREPARATIONS) AND CLEANING PREPARATIONS, WHETHER OR NOT CONTAINING SOAP, OTHER THAN THOSE OF HEADING 3400",3402
Anionic,340211
"ORGANIC SURFACE-ACTIVE AGENTS (OTHER THAN SOAP), SURFACE-ACTIVE PREPARATIONS, WASHING PREPARATIONS (INCLUDING AUXILIARY WASHING PREPARATIONS) AND CLEANING PREPARATIONS, WHETHER OR NOT CONTAINING SOAP, OTHER THAN THOSE OF HEADING 3401 ORGANIC SURFACE-ACTIVE AGENTS, WHETHER OR NOT PUT UP FOR RETAIL SALE: ANIONIC: SILICONE SURFACTANT",34021110
"ORGANIC SURFACE-ACTIVE AGENTS (OTHER THAN SOAP), SURFACE-ACTIVE PREPARATIONS, WASHING PREPARATIONS (INCLUDING AUXILIARY WASHING PREPARATIONS) AND CLEANING PREPARATIONS, WHETHER OR NOT CONTAINING SOAP, OTHER THAN THOSE OF HEADING 3401 ORGANIC SURFACE-ACTIVE AGENTS, WHETHER OR NOT PUT UP FOR RETAIL SALE: ANIONIC: OTHER",34021190
"ORGANIC SURFACE-ACTIVE AGENTS (OTHER THAN SOAP), SURFACE-ACTIVE PREPARATIONS, WASHING PREPARATIONS (INCLUDING AUXILIARY WASHING PREPARATIONS) AND CLEANING PREPARATIONS, WHETHER OR NOT CONTAINING SOAP, OTHER THAN THOSE OF HEADING 3401 ORGANIC SURFACE-ACTIVE AGENTS, WHETHER OR NOT PUT UP FOR RETAIL SALE: CATIONIC",34021200
"ORGANIC SURFACE-ACTIVE AGENTS (OTHER THAN SOAP), SURFACE-ACTIVE PREPARATIONS, WASHING PREPARATIONS (INCLUDING AUXILIARY WASHING PREPARATIONS) AND CLEANING PREPARATIONS, WHETHER OR NOT CONTAINING SOAP, OTHER THAN THOSE OF HEADING 3401 ORGANIC SURFACE-ACTIVE AGENTS, WHETHER OR NOT PUT UP FOR RETAIL SALE: NON-IONIC",34021300
"ORGANIC SURFACE-ACTIVE AGENTS (OTHER THAN SOAP), SURFACE-ACTIVE PREPARATIONS, WASHING PREPARATIONS (INCLUDING AUXILIARY WASHING PREPARATIONS) AND CLEANING PREPARATIONS, WHETHER OR NOT CONTAINING SOAP, OTHER THAN THOSE OF HEADING 3401 ORGANIC SURFACE-ACTIVE AGENTS, WHETHER OR NOT PUT UP FOR RETAIL SALE: OTHER",34021900
Preparations put up for retail sale,340220
"ORGANIC SURFACE-ACTIVE AGENTS (OTHER THAN SOAP), SURFACE-ACTIVE PREPARATIONS, WASHING PREPARATIONS (INCLUDING AUXILIARY WASHING PREPARATIONS) AND CLEANING PREPARATIONS, WHETHER OR NOT CONTAINING SOAP, OTHER THAN THOSE OF HEADING 3401 PREPARATIONS PUT UP FOR RETAIL SALE: WASHING PREPARATIONS (INCLUDING AUXILIARY WASHING PREPARATIONS) AND CLEANING PREPARATIONS, HAVING A BASIS OF SOAP OR OTHER ORGANIC SURFACE ACTIVE AGENTS",34022010
"ORGANIC SURFACE-ACTIVE AGENTS (OTHER THAN SOAP), SURFACE-ACTIVE PREPARATIONS, WASHING PREPARATIONS (INCLUDING AUXILIARY WASHING PREPARATIONS) AND CLEANING PREPARATIONS, WHETHER OR NOT CONTAINING SOAP, OTHER THAN THOSE OF HEADING 3401 PREPARATIONS PUT UP FOR RETAIL SALE: CLEANING OR DEGREASING PREPARATIONS NOT HAVING A BASIS OF SOAP OR OTHER ORGANIC SURFACE ACTIVE AGENTS",34022020
"ORGANIC SURFACE-ACTIVE AGENTS (OTHER THAN SOAP), SURFACE-ACTIVE PREPARATIONS, WASHING PREPARATIONS (INCLUDING AUXILIARY WASHING PREPARATIONS) AND CLEANING PREPARATIONS, WHETHER OR NOT CONTAINING SOAP, OTHER THAN THOSE OF HEADING 3401 PREPARATIONS PUT UP FOR RETAIL SALE: OTHER",34022090
LINEAR ALKYLBENZENE SULPHONIC ACIDS AND THEIR SALTS,340231
LINEAR ALKYLBENZENE SULPHONIC ACIDS AND THEIR SALTS,34023100
OTHER,340239
OTHER,34023900
CATIONIC,340241
CATIONIC,34024100
NON-IONIC,340242
NON-IONIC,34024200
OTHER,340249
OTHER,34024900
PREPARATIONS PUT UP FOR RETAIL SALE,340250
PREPARATIONS PUT UP FOR RETAIL SALE,34025000
OTHER:,340290
"WASHING PREPARATIONS (INCLUDING AUXILIARY WASHING PREPARATIONS) AND CLEANING PREPARATIONS, HAVING A BASIS OF SOAP OR OTHER ORGANIC SURFACE ACTIVE AGENTS.",34029011
CLEANING OR DEGREASING PREPARATIONS NOT HAVING A BASIS OF SOAP OR OTHER ORGANIC SURFACE ACTIVE AGENTS,34029012
OTHER,34029019
"SULPHONATED OR SULPHATED OR OXIDIZED OR CHLORINATED CASTOR OIL, SULPHONATED OR SULPHATED OR OXIDIZED OR CHLORINATED FISH OIL, SULPHONATED OR SULPHATED OR OXIDIZED OR CHLORINATED SPERM OIL, SULPHONATED OR SULPHATED OR OXIDIZED OR CHLORINATED NEATS FOOT OIL",34029020
PENETRATORS,34029030
"WASHING PREPARATIONS (INCLUDING AUXILIARY WASHING PREPARATIONS) AND CLEANING PREPARATIONS, HAVING A BASIS OF SOAP OR OTHER ORGANIC SURFACE ACTIVE AGENTS",34029041
CLEANING OR DEGREASING PREPARATIONS NOT HAVING A BASIS OF SOAP OR OTHER ORGANIC SURFACE ACTIVE AGENTS,34029042
OTHER,34029049
"WASHING PREPARATIONS (INCLUDING AUXILIARY WASHING PREPARATIONS) AND CLEANING PREPARATIONS, HAVING A BASIS OF SOAP OR OTHER ORGANIC SURFACE ACTIVE AGENTS",34029051
CLEANING OR DEGREASING PREPARATIONS NOT HAVING A BASIS OF SOAP OR OTHER ORGANIC SURFACE ACTIVE AGENTS,34029052
OTHER,34029059
"WASHING PREPARATIONS (INCLUDING AUXILIARY WASHING PREPARATIONS) AND CLEANING PREPARATIONS, HAVING A BASIS OF SOAP OR OTHER ORGANIC SURFACE ACTIVE AGENTS",34029091
CLEANING OR DEGREASING PREPARATIONS NOT HAVING A BASIS OF SOAP OR OTHER ORGANIC SURFACE ACTIVE AGENTS,34029092
OTHER,34029099
"LUBRICATING PREPARATIONS (INCLUDING CUTTING-OIL PREPARATIONS, BOLT OR NUT RELEASE PREPARATIONS, ANTI-RUST OR ANTI-CORROSION PREPARATIONS AND MOULD RELEASE PREPARATIONS, BASED ON LUBRICANTS) AND PREPARATIONS OF A KIND USED FOR THE OIL OR GREASE TREATMENT OF TEXTILE MATERIALS, LEATHER, FURSKINS OR OTHER MATERIALS, BUT EXCLUDING PREPARATIONS CONTAINING, AS BASIC CONSTITUENTS,70% OR MORE BY WEIGHT OF PETROLEUM OILS OR OF OILS OBTAINED FROM BITUMINOUS MINERALS",3403
"PREPARATIONS FOR THE TREATMENT OF TEXTILE MATERIALS, LEATHER, FURSKINS OR OTHER MATERIALS",340311
"PREPARATIONS FOR THE TREATMENT OF TEXTILE MATERIALS, LEATHER, FURSKINS OR OTHER MATERIALS",34031100
OTHER,340319
OTHER,34031900
"PREPARATIONS FOR THE TREATMENT OF TEXTILE MATERIALS, LEATHER, FURSKINS OR OTHER MATERIALS",340391
"PREPARATIONS FOR THE TREATMENT OF TEXTILE MATERIALS, LEATHER, FURSKINS OR OTHER MATERIALS",34039100
OTHER,340399
OTHER,34039900
ARTIFICIAL WAXES AND PREPARED WAXES,3404
ARTIFICIAL WAXES AND PREPARED WAXES OF CHEMICALLY MODIFIED LIGNITE,34041000
OF POLY (OXYETHYLENE) (POLYETHYLENE GLYCOL),340420
OF POLY (OXYETHYLENE) (POLYETHYLENE GLYCOL),34042000
OTHER:,340490
"SEALING WAX (INCLUDING BOTTLE SEALING WAX) IN STICKS, CAKES OR SIMILAR FORMS",34049010
POLYETHYLENE WAX,34049020
POLY BROMINATED BIPHENYLS,34049031
POLY CHLORINATED BIPHENYLS,34049032
POLY CHLORINATED TERPHENYLS,34049033
OTHER,34049039
OTHER,34049090
"POLISHES AND CREAMS, FOR FOOTWEAR, FURNITURE, FLOORS, COACHWORK, GLASS OR METAL, SCOURING PASTES AND POWDERS AND SIMILAR PREPARATIONS (WHETHER OR NOT IN THE FORM OF PAPER, WADDING, FELT, NONWOVENS, CELLULAR PLASTICS OR CELLULAR RUBBER, IMPREGNATED, COATED OR COVERED WITH SUCH PREPARATIONS), EXCLUDING WAXES OF HEADING 3403",3405
"POLISHES, CREAMS AND SIMILAR PREPARATIONS FOR FOOTWEAR OR LEATHER",340510
"POLISHES, CREAMS AND SIMILAR PREPARATIONS FOR FOOTWEAR OR LEATHER",34051000
"POLISHES, CREAMS AND SIMILAR PREPARATIONS FOR THE MAINTENANCE OF WOODEN FURNITURE, FLOORS OR OTHER WOOD WORK",340520
"POLISHES, CREAMS AND SIMILAR PREPARATIONS FOR THE MAINTENANCE OF WOODEN FURNITURE, FLOORS OR OTHER WOOD WORK",34052000
"POLISHES AND SIMILAR PREPARATIONS FOR COACH-WORK, OTHER THAN METAL POLISHES",340530
"POLISHES AND SIMILAR PREPARATIONS FOR COACH-WORK, OTHER THAN METAL POLISHES",34053000
SCOURING PASTES AND POWDERS AND OTHER SCOURING PREPARATIONS,340540
SCOURING PASTES AND POWDERS AND OTHER SCOURING PREPARATIONS,34054000
OTHER:,340590
POLISHES AND COMPOSITIONS FOR APPLICATION TO METAL INCLUDING DIAMOND POLISHING POWDER OR PASTE,34059010
OTHER,34059090
"CANDLES, TAPERS AND THE LIKE",3406
"CANDLES, TAPERS AND THE LIKE:",340600
CANDLES,34060010
OTHER,34060090
"MODELLING PASTES, INCLUDING THOSE PUT UP FOR CHILDREN'S AMUSEMENT, PREPARATIONS KNOWN AS ""DENTAL WAX"" OR AS ""DENTAL IMPRESSION COMPOUNDS"", PUT UP IN SETS, IN PACKINGS FOR RETAIL SALE OR IN PLATES, HORSESHOE SHAPES, STICKS OR SIMILAR FORMS, OTHER PREPARATIONS FOR USE IN DENTISTRY, WITH A BASIS OF PLASTER (OF CALCINED GYPSUM OR CALCIUM SULPHATE)",3407
"MODELLING PASTES, INCLUDING THOSE PUT UP FOR CHILDREN'S AMUSEMENT, PREPARATIONS KNOWN AS ""DENTAL WAX"" OR AS ""DENTAL IMPRESSION COMPOUNDS"", PUT UP IN SETS, IN PACKINGS FOR RETAIL SALE OR IN PLATES, HORSESHOE SHAPES, STICKS OR SIMILAR FORMS, OTHER PREPARATIONS FOR USE IN DENTISTRY, WITH A BASIS OF PLASTER (OF CALCINED GYPSUM OR CALCIUM SULPHATE):",340700
"MODELLING PASTES, INCLUDING THOSE PUT UP FOR CHILDREN'S AMUSEMENT",34070010
OTHER,34070090
Miscellaneous manufactured articles,96
"WORKED IVORY, BONE, TORTOISE-SHELL, HORN, ANTLERS, CORAL, MOTHER-OF-PEARL AND OTHER ANIMAL CARVING MATERIAL, AND ARTICLES OF THESE MATERIALS (INCLUDING ARTICLES OBTAINED BY MOULDING)",9601
WORKED IVORY AND ARTICLES OF IVORY,960110
WORKED IVORY AND ARTICLES OF IVORY,96011000
OTHER :,960190
WORKED TORTOISE-SHELL AND ARTICLES THEREOF,96019010
WORKED MOTHER-OF-PEARL AND ARTICLES THEREOF,96019020
WORKED BONE (EXCLUDING WHALE BONE) AND ARTICLES THEREOF,96019030
"WORKED HORN, CORAL AND OTHER ANIMAL CARVING MATERIAL AND ARTICLES THEREOF",96019040
OTHER,96019090
"WORKED VEGETABLE OR MINERAL CARVING MATERIAL AND ARTICLES OF THESE MATERIALS MOULDED OR CARVED ARTICLES OF WAX, OF STEARIN, OF NATURAL GUMS OR NATURAL RESINS OR OF MODELLING PASTES, AND OTHER MOULDED OR CARVED ARTICLES, NOT ELSEWHERE SPECIFIED OR INCLUDED; WORKED, UNHARDENED GELATIN (EXCEPT GELATIN OF HEADING 3503) AND ARTICLES OF UNHARDENED GELATIN",9602
"WORKED VEGETABLE OR MINERAL CARVING MATERIAL AND ARTICLES OF THESE MATERIALS MOULDED OR CARVED ARTICLES OF WAX, OF STEARIN, OF NATURAL GUMS OR NATURAL RESINS OR OF MODELLING PASTES, AND OTHER MOULDED OR CARVED ARTICLES, NOT ELSEWHERE SPECIFIED OR INCLUDED, WORKED, UNHARDENED GELATIN (EXCEPT GELATIN OF HEADING 3503) AND ARTICLES OF UNHARDENED GELATIN:",960200
WORKED VEGETABLE CARVING MATERIAL AND ARTICLES  THEREOF,96020010
"MOULDED OR CARVED ARTICLES OF WAX, STEARIN, NATURAL GUMS AND RESINS AND OTHER MOULDED OR CARVED ARTICLES",96020020
"GELATIN CAPSULES, EMPTY",96020030
OTHER ARTICLES OF UNHARDENED GELATIN,96020040
OTHER,96020090
"BROOMS, BRUSHES (INCLUDING BRUSHES CONSTITUTING PARTS OF MACHINES, APPLIANCES OR VEHICLES), HAND- OPERATED MECHANICAL FLOOR SWEEPERS, NOT MOTORISED, MOPS AND FEATHER DUSTERS, PREPARED KNOTS AND TUFTS FOR BROOM OR BRUSH MAKING, PAINT PADS AND ROLLERS, SQUEEGEES (OTHER THAN ROLLER SQUEEGEES)",9603
"BROOMS AND BRUSHES, CONSISTING OF TWIGS OR OTHER VEGETABLE MATERIALS, BOUND TOGETHER, WITH OR WITHOUT HANDLES",960310
"BROOMS AND BRUSHES, CONSISTING OF TWIGS OR OTHER VEGETABLE MATERIALS, BOUND TOGETHER, WITH OR WITHOUT HANDLES",96031000
TOOTH BRUSHES INCLUDING DENTAL-PLATE BRUSHES,960321
TOOTH BRUSHES INCLUDING DENTAL-PLATE BRUSHES,96032100
OTHER,960329
OTHER,96032900
"ARTISTS BRUSHES, WRITING BRUSHES AND SIMILAR BRUSHES FOR THE APPLICATION OF COSMETICS :",960330
ARTIST BRUSHES,96033010
BRUSHES FOR THE APPLICATION OF COSMETICS,96033020
OTHER,96033090
"PAINT, DISTEMPER, VARNISH OR SIMILAR BRUSHES (OTHER THAN BRUSHES OF SUB-HEADING 9603 30), PAINT PADS AND ROLLERS :",960340
"PAINT, DISTEMPER, VARNISH OR SIMILAR BRUSHES (OTHER THAN BRUSHES OF SUB-HEADING 9603 30),",96034010
PAINT PADS AND ROLLERS,96034020
"OTHER BRUSHES CONSTITUTING PARTS OF MACHINES, APPLIANCES OR VEHICLES",960350
"OTHER BRUSHES CONSTITUTING PARTS OF MACHINES, APPLIANCES OR VEHICLES",96035000
OTHER,960390
OTHER,96039000
HAND SIEVES AND HAND RIDDLES,9604
HAND SIEVES AND HAND RIDDLES,960400
HAND SIEVES AND HAND RIDDLES,96040000
"TRAVEL SETS FOR PERSONAL TOILET, SEWING OR SHOE OR CLOTHES CLEANING",9605
"TRAVEL SETS FOR PERSONAL TOILET, SEWING OR SHOE OR CLOTHES CLEANING :",960500
FOR PERSONAL TOILET,96050010
OTHER,96050090
"BUTTONS, PRESS-FASTENERS, SNAP-FASTENERS AND PRESS-STUDS, BUTTON MOULDS AND OTHER PARTS OF THESE ARTICLES; BUTTON BLANKS",9606
"PRESS-FASTENERS, SNAP-FASTENERS AND PRESS-STUDS AND PARTS THEREOF :",960610
"PRESS-FASTENERS, SNAP-FASTENERS AND PRESS-STUDS",96061010
PARTS,96061020
"OF PLASTICS, NOT COVERED WITH TEXTILE MATERIAL",960621
"OF PLASTICS, NOT COVERED WITH TEXTILE MATERIAL",96062100
"OF BASE METALS, NOT COVERED WITH TEXTILE MATERIAL",960622
"OF BASE METALS, NOT COVERED WITH TEXTILE MATERIAL",96062200
OTHER :,960629
BUTTON OF COCONUT SHELL OR WOOD,96062910
OTHER,96062990
"BUTTON MOULDS AND OTHER PARTS OF BUTTONS, BUTTON BLANKS :",960630
BUTTON BLANKS,96063010
OTHER,96063090
SLIDE FASTENERS AND PARTS THEREOF,9607
FITTED WITH CHAIN SCOOPS OF BASE METAL :,960711
ZIP FASTENERS,96071110
OTHER,96071190
OTHER :,960719
ZIP FASTENERS,96071910
OTHER,96071990
PARTS,960720
PARTS,96072000
"BALL POINT PENS; FELT TIPPED AND OTHER POROUSTIPPED PENS AND MARKERS; FOUNTAIN PENS; STYLOGRAPH PENS AND OTHER PENS; DUPLICATING STYLOS; PROPELLING OR SLIDING PENCILS; PEN HOLDERS, PENCIL HOLDERS AND SIMILAR HOLDERS; PARTS (INCLUDING CAPS AND CLIPS) OF THE FOREGOING ARTICLES, OTHER THAN THOSE OF HEADING 9609",9608
BALL POINT PENS :,960810
HIGH VALUE BALL POINT PENS (US $ 100 AND ABOVE C.I.F. PER UNIT),96081011
BALL POINT PENS With body or cap of precious metal or rolled precious metal,96081012
OTHER,96081019
HIGH VALUE BALL POINT PENS (US $ 100 AND ABOVE C.I.F. PER UNIT),96081091
BALL POINT PENS With body or cap of precious metal or rolled precious metal,96081092
other,96081099
FELT TIPPED AND OTHER POROUS-TIPPED PENS AND MARKERS,960820
FELT TIPPED AND OTHER POROUS-TIPPED PENS AND MARKERS,96082000
"FOUNTAIN PENS, STYLOGRAPH PENS AND OTHER PENS :",960830
HIGH VALUE FOUNTAIN PENS (US $ 100 AND ABOVE C.I.F. PER UNIT),96083011
With body or cap of precious metal or rolled precious metal,96083012
OTHER,96083019
HIGH VALUE PENS (US $ 100 AND ABOVE C.I.F. PER UNIT),96083021
With body or cap of precious metal or rolled precious metal,96083022
OTHER,96083029
HIGH VALUE PENS (US $ 100 AND ABOVE C.I.F. PER UNIT),96083091
With body or cap of precious metal or rolled precious metal,96083092
OTHER,96083099
Indian ink drawing pens,960831
Other,960839
PROPELLING OR SLIDING PENCILS,960840
PROPELLING OR SLIDING PENCILS,96084000
SETS OF ARTICLES FROM TWO OR MORE OF THE FOREGOING SUB-HEADINGS,960850
SETS OF ARTICLES FROM TWO OR MORE OF THE FOREGOING SUB-HEADINGS,96085000
"REFILLS FOR BALL POINT PENS, COMPRISING THE BALL POINT AND INK-RESERVOIR :",960860
WITH LIQUID INK (FOR ROLLING BALL-PEN),96086010
OTHER,96086090
PEN NIBS AND NIB POINTS :,960891
NIB POINTS FOR PEN,96089110
NIBS OF WOOL FELT OR PLASTICS FOR USE IN THE MANUFACTURE OF POROUS TIP PEN OR MARKERS,96089120
OTHER PEN NIBS,96089130
OF METAL,96089191
OTHER,96089199
OTHER :,960899
"PEN HOLDERS, PENCIL HOLDERS AND SIMILAR HOLDERS",96089910
OTHER,96089990
"PENCILS (OTHER THAN PENCILS OF HEADING 9608), CRAYONS, PENCIL LEADS, PASTELS, DRAWING CHARCOALS, WRITING OR DRAWING CHALKS AND TAILORS CHALK",9609
"PENCILS AND CRAYONS, WITH LEADS ENCASED IN A SHEATH",960910
"PENCILS AND CRAYONS, WITH LEADS ENCASED IN A SHEATH",96091000
"PENCIL LEADS, BLACK OR COLOURED",960920
"PENCIL LEADS, BLACK OR COLOURED",96092000
OTHER :,960990
SLATE PENCILS,96099010
OTHER PENCILS,96099020
"PASTELS, DRAWING CHARCOALS AND WRITING OR DRAWING CHALKS AND TAILORS CHALKS",96099030
OTHER,96099090
"SLATES AND BOARDS, WITH WRITING OR DRAWING SURFACES, WHETHER OR NOT FRAMED",9610
"SLATES AND BOARDS, WITH WRITING OR DRAWING SURFACES, WHETHER OR NOT FRAMED",961000
"SLATES AND BOARDS, WITH WRITING OR DRAWING SURFACES, WHETHER OR NOT FRAMED",96100000
"DATE, SEALING OR NUMBERING STAMPS, AND THE LIKE (INCLUDING DEVICES FOR PRINTING OR EMBOSSING LABELS), DESIGNED FOR OPERATING IN THE HAND; HAND-OPERATED COMPOSING STICKS AND HAND PRINTING SETS INCORPORATING SUCH COMPOSING STICKS",9611
"DATE, SEALING OR NUMBERING STAMPS, AND THE LIKE (INCLUDING DEVICES FOR PRINTING OR EMBOSSING LABELS), DESIGNED FOR OPERATING IN THE HAND, HAND OPERATED COMPOSING STICKS AND HAND PRINTING SETS INCORPORATING SUCH COMPOSING STICKS",961100
"DATE, SEALING OR NUMBERING STAMPS, AND THE LIKE (INCLUDING DEVICES FOR PRINTING OR EMBOSSING LABELS), DESIGNED FOR OPERATING IN THE HAND; HAND-OPERATED COMPOSING STICKS AND HAND PRINTING SETS INCORPORATING SUCH COMPOSING STICKS",96110000
"TYPEWRITER OR SIMILAR RIBBONS, INKED OR OTHERWISE PREPARED FOR GIVING IMPRESSIONS, WHETHER OR NOT ON SPOOLS OR IN CARTRIDGES; INK-PADS, WHETHER OR NOT INKED, WITH OR WITHOUT BOXES",9612
RIBBONS :,961210
COMPUTER PRINTER RIBBON,96121010
"RIBBON FOR TYPEWRITERS, OTHER THAN ELECTRONIC AND SIMILAR MACHINES",96121020
RIBBON FOR ELECTRONIC TYPEWRITER,96121030
OTHER,96121090
INK-PADS,961220
INK-PADS,96122000
"CIGARETTE LIGHTERS AND OTHER LIGHTERS, WHETHER OR NOT MECHANICAL OR ELECTRICAL, AND PARTS THEREOF OTHER THAN FLINTS AND WICKS",9613
"POCKET LIGHTERS, GAS FUELLED, NON-REFILLABLE",961310
"POCKET LIGHTERS, GAS FUELLED, NON-REFILLABLE",96131000
"POCKET LIGHTERS, GAS FUELLED, REFILLABLE",961320
"POCKET LIGHTERS, GAS FUELLED, REFILLABLE",96132000
OTHER LIGHTERS :,961380
ELECTRONIC,96138010
OTHER,96138090
PARTS,961390
PARTS,96139000
SMOKING PIPES (INCLUDING PIPE BOWLS) AND CIGAR OR CIGARETTE HOLDERS AND PARTS THEREOF,9614
SMOKING PIPES (INCLUDING PIPE BOWLS) AND CIGAR OR CIGARETTE HOLDERS AND PARTS THEREOF,961400
SMOKING PIPES (INCLUDING PIPE BOWLS) AND CIGAR OR CIGARETTE HOLDERS AND PARTS THEREOF,96140000
"SMOKING PIPES (INCLUDING PIPE BOWLS) AND CIGAR OR CIGARETTE HOLDERS, AND PARTS THEREOF PIPES AND PIPE BOWLS",96142000
"SMOKING PIPES (INCLUDING PIPE BOWLS) AND CIGAR OR CIGARETTE HOLDERS, AND PARTS THEREOF - OTHER : HUBLE AND BUBLE OF BASE METAL",96149010
"SMOKING PIPES (INCLUDING PIPE BOWLS) AND CIGAR OR CIGARETTE HOLDERS, AND PARTS THEREOF - Other : Hookah of coconut shell",96149020
"SMOKING PIPES (INCLUDING PIPE BOWLS) AND CIGAR OR CIGARETTE HOLDERS, AND PARTS THEREOF - OTHER : OTHER",96149090
"COMBS, HAIR-SLIDES AND THE LIKE, HAIRPINS, CURLING PINS, CURLING GRIPS, HAIR-CURLERS AND THE LIKE, OTHER THAN THOSE OF HEADING 8516, AND PARTS THEREOF",9615
OF HARD RUBBER OR PLASTICS,961511
OF HARD RUBBER OR PLASTICS,96151100
OTHER,961519
OTHER,96151900
OTHER,961590
OTHER,96159000
"SCENT SPRAYS AND SIMILAR TOILET SPRAYS, AND MOUNTS AND HEADS THEREFOR; POWDER-PUFFS AND PADS FOR THE APPLICATION OF COSMETICS OR TOILET PREPARATIONS",9616
"SCENT SPRAYS AND SIMILAR TOILET SPRAYS, AND MOUNTS AND HEADS THEREFOR :",961610
SCENT SPRAYS AND SIMILAR TOILET SPRAYS,96161010
MOUNTS AND HEADS,96161020
POWDER-PUFFS AND PADS FOR THE APPLICATION OF COSMETICS OR TOILET PREPARATIONS,961620
POWDER-PUFFS AND PADS FOR THE APPLICATION OF COSMETICS OR TOILET PREPARATIONS,96162000
"VACUUM FLASKS AND OTHER VACUUM VESSELS, COMPLETE, PARTS THEREOF OTHER THAN GLASS INNERS",9617
"VACUUM FLASKS AND OTHER VACUUM VESSELS, COMPLETE, PARTS THEREOF OTHER THAN GLASS INNERS:",961700
VACUUM FLASKS HAVING A CAPACITY NOT EXCEEDING 0.75 L,96170011
VACUUM FLASKS HAVING A CAPACITY EXCEEDING 0.75 L,96170012
CASSEROL AND OTHER VACUUM CONTAINERS,96170013
OTHER,96170019
PARTS (OTHER THAN GLASS INNERS),96170090
"TAILORS DUMMIES AND OTHER LAY FIGURES, AUTOMATA AND OTHER ANIMATED DISPLAYS, USED FOR SHOP WINDOW DRESSING",9618
"TAILORS DUMMIES AND OTHER LAY FIGURES, AUTOMATA AND OTHER ANIMATED DISPLAYS, USED FOR SHOP WINDOW DRESSING",961800
"TAILORS DUMMIES AND OTHER LAY FIGURES, AUTOMATA AND OTHER ANIMATED DISPLAYS, USED FOR SHOP WINDOW DRESSING",96180000
"SANITARY TOWELS (PADS) AND TAMPONS, NAPKINS (DIAPERS), NAPKIN LINERS AND SIMILAR ARTICLES,OF ANY MATERIAL",9619
"SANITARY TOWELS (PADS) AND TAMPONS, NAPKINS (DIAPERS), NAPKIN LINERS AND SIMILAR ARTICLES, OF ANY MATERIAL:",961900
SANITARY TOWELS (PADS) OR SANITARY NAPKINS,96190010
TAMPONS,96190020
NAPKINS AND NAPKIN LINERS FOR BABIES,96190030
CLINICAL DIAPERS,96190040
OTHER,96190090
"MONOPODS, BIPODS, TRIPODS AND SIMILAR ARTICLES",9620
"MONOPODS, BIPODS, TRIPODS AND SIMILAR ARTICLES",962000
"MONOPODS, BIPODS, TRIPODS AND SIMILAR ARTICLES",96200000
